Time,V1,V2,V3,V4,V5,V6,V7,V8,V9,V10,V11,V12,V13,V14,V15,V16,V17,V18,V19,V20,V21,V22,V23,V24,V25,V26,V27,V28,Amount,Class,Predicted,Actual
41870.0,-20.9069081,9.843153223,-19.94772605,6.155788648,-15.14201316,-2.239565648,-21.23446315,1.151795066,-8.739670371,-18.27116817,4.677349297,-9.583566437,1.035165824,-8.199690029,-0.326518882,-8.376438821,-18.48546032,-7.589973959,1.126640365,0.396654845,-1.977196194,0.652931885,-0.519776859,0.54170173,-0.053860761,0.112670774,-3.765371009,-1.071238312,1.0,1,fraud,fraud
135855.0,-2.688137788,3.095469354,-2.119113681,-0.468012964,-0.622564956,-1.673469894,-0.079085439,1.09780469,0.916146789,0.643766142,-1.01797007,-0.54218408,-1.258562565,-0.241488701,0.838546892,0.246507871,1.027727624,0.924636336,-0.318147314,0.421707345,0.169968983,0.835843316,-0.030064581,-0.087877593,-0.12998072,-0.175079812,0.12989944,-0.023263145,2.18,0,not_fraud,not_fraud
85181.0,-3.003459422,2.09615031,-0.487030348,3.06945316,-1.774328684,0.25180421,-4.328776495,-2.425478144,-0.985222034,-3.995210734,1.880601553,-2.325179128,0.636458663,-5.417499345,-0.262909465,-3.818085664,-3.700707026,-1.991412078,0.779950535,0.692537381,0.163966694,1.245648321,-0.26924134,0.537102119,-0.220756683,-0.059554773,0.460709677,-0.033550607,2.0,1,fraud,fraud
41505.0,-16.52650657,8.584971796,-18.64985319,9.505593515,-13.79381853,-2.832404299,-16.7016943,7.517343904,-8.507058637,-14.11018444,5.29923635,-10.83400648,1.671120253,-9.373858584,0.360805642,-9.899246541,-19.23629237,-8.398551995,3.101735369,-1.514923435,1.190738695,-1.127670009,-2.35857877,0.673461329,-1.413699675,-0.462762361,-2.018575249,-1.04280417,364.19,1,fraud,fraud
36754.0,1.33230767,-1.560741786,0.78832686,-1.296802467,-1.588213614,0.613326791,-1.549189823,0.181368571,-1.026981301,1.168953655,-1.370131072,-0.698907318,0.843320111,-1.020784828,0.059116743,-0.53522703,0.689397574,-0.144539128,-0.148262431,-0.18239194,-0.22414299,-0.180402006,-0.073094313,-0.767616846,0.269805015,-0.121659796,0.082980884,0.03343946,83.51,0,not_fraud,not_fraud
