{"V17":0.1909856203,"V14":0.1406725362,"V10":0.0804398711,"V16":0.0606088532,"V18":0.0557899365,"V20":0.0539676533,"V11":0.047055658,"V2":0.0422276551,"V26":0.0422107506,"V12":0.0374603775,"V9":0.0369116314,"V21":0.0355335367,"V7":0.0352271743,"V22":0.0303309261,"V15":0.0297748601,"V3":0.0232175225,"V5":0.022807684,"V1":0.0199371871,"V13":0.0148405662}